,name,diet,lived_in,type,taxonomy,species,period_name,period_start,period_end,length_meters
0,aardonyx,herbivorous,South Africa,sauropod,Dinosauria Saurischia Sauropodomorpha Prosauropoda Anchisauria,celestae,Early Jurassic,199,189,8.0
1,abelisaurus,carnivorous,Argentina,large theropod,Dinosauria Saurischia Theropoda Neotheropoda Ceratosauria Neoceratosauria Abelisauridae Abelisaurinae,comahuensis,Late Cretaceous,74,70,9.0
2,achelousaurus,herbivorous,USA,ceratopsian,Dinosauria Ornithischia Genasauria Cerapoda Marginocephalia Ceratopsia Neoceratopsia Coronosauria Ceratopsidae Centrosaurinae,horneri,Late Cretaceous,83,70,6.0
3,achillobator,carnivorous,Mongolia,large theropod,Dinosauria Saurischia Theropoda Neotheropoda Tetanurae Avetheropoda Coelurosauria Tyrannoraptora Maniraptoriformes Maniraptora Paraves Eumaniraptora Dromaeosauridae,giganteus,Late Cretaceous,99,84,5.0
4,acrocanthosaurus,carnivorous,USA,large theropod,Dinosauria Saurischia Theropoda Neotheropoda Tetanurae Avetheropoda Carnosauria Allosauroidea Carcharodontosauridae,atokensis,Early Cretaceous,115,105,12.0
5,aegyptosaurus,herbivorous,Egypt,sauropod,Dinosauria Saurischia Sauropodomorpha Sauropoda Eusauropoda Neosauropoda Macronaria Camarasauromorpha Titanosauriformes Titanosauria,baharijensis,Late Cretaceous,98,93,15.0
6,afrovenator,carnivorous,Niger,large theropod,Dinosauria Saurischia Theropoda Neotheropoda Tetanurae Spinosauroidea Megalosauridae Eustreptospondylinae,abakensis,Early Cretaceous,132,121,9.0
7,agilisaurus,herbivorous,China,euornithopod,Dinosauria Ornithischia Genasauria Cerapoda Ornithopoda Euornithopoda,louderbacki,Late Jurassic,169,159,1.5
8,alamosaurus,herbivorous,USA,sauropod,Dinosauria Saurischia Sauropodomorpha Sauropoda Eusauropoda Neosauropoda Macronaria Camarasauromorpha Titanosauriformes Titanosauria Lithostrotia,sanjuanensis,Late Cretaceous,70,65,21.0
9,albertaceratops,herbivorous,USA,ceratopsian,Dinosauria Ornithischia,nesmoi,Late Cretaceous,80,75,7.0
10,albertosaurus,carnivorous,Canada,large theropod,Dinosauria Saurischia Theropoda Neotheropoda Tetanurae Avetheropoda Coelurosauria Tyrannoraptora Tyrannosauroidea Tyrannosauridae Albertosaurinae,libratus,Late Cretaceous,76,74,9.0
11,alectrosaurus,carnivorous,Mongolia,large theropod,Dinosauria Saurischia Theropoda Neotheropoda Tetanurae Avetheropoda Coelurosauria Tyrannoraptora Tyrannosauroidea,olseni,Late Cretaceous,90,70,5.0
12,alioramus,carnivorous,Mongolia,large theropod,Dinosauria Saurischia Theropoda Neotheropoda Tetanurae Avetheropoda Coelurosauria Tyrannoraptora Tyrannosauroidea,remotus,Late Cretaceous,71,65,6.0
13,allosaurus,carnivorous,USA,large theropod,Dinosauria Saurischia Theropoda Neotheropoda Tetanurae Avetheropoda Carnosauria Allosauroidea Allosauridae,fragilis,Late Jurassic,156,144,12.0
14,alvarezsaurus,carnivorous,Argentina,small theropod,Dinosauria Saurischia Theropoda Neotheropoda Tetanurae Avetheropoda Coelurosauria Tyrannoraptora Maniraptoriformes Maniraptora Alvarezsauridae,calvoi,Late Cretaceous,89,85,2.0
15,amargasaurus,herbivorous,Argentina,sauropod,Dinosauria Saurischia Sauropodomorpha Sauropoda Eusauropoda Neosauropoda Diplodocoidea Dicraeosauridae,cazaui,Early Cretaceous,132,127,12.0
16,ammosaurus,herbivorous,USA,sauropod,Dinosauria Saurischia Sauropodomorpha Prosauropoda Anchisauria Anchisauridae,major,Early Jurassic,195,180,5.0
17,ampelosaurus,herbivorous,France,sauropod,Dinosauria Saurischia Sauropodomorpha Sauropoda Eusauropoda Neosauropoda Macronaria Camarasauromorpha Titanosauriformes Titanosauria Lithostrotia,atacis,Late Cretaceous,71,65,15.0
18,amygdalodon,herbivorous,Argentina,sauropod,Dinosauria Saurischia Sauropodomorpha Sauropoda Eusauropoda,patagonicus,Mid Jurassic,177,169,15.0
19,anchiceratops,herbivorous,Canada,ceratopsian,Dinosauria Ornithischia Genasauria Cerapoda Marginocephalia Ceratopsia Neoceratopsia Coronosauria Ceratopsidae Chasmosaurinae,ornatus,Late Cretaceous,74,70,6.0
20,anchisaurus,herbivorous,USA,sauropod,Dinosauria Saurischia Sauropodomorpha Prosauropoda Anchisauria Anchisauridae,polyzelous,Early Jurassic,190,190,2.0
21,ankylosaurus,herbivorous,USA,armoured dinosaur,Dinosauria Ornithischia Genasauria Thyreophora Ankylosauromorpha Ankylosauria Ankylosauridae,magniventris,Late Cretaceous,74,67,7.0
22,anserimimus,carnivorous,Mongolia,large theropod,Dinosauria Saurischia Theropoda Neotheropoda Tetanurae Avetheropoda Coelurosauria Tyrannoraptora Maniraptoriformes Ornithomimosauria Ornithomimidae,planinychus,Late Cretaceous,84,65,3.5
23,antarctosaurus,herbivorous,Uruguay,sauropod,Dinosauria Saurischia Sauropodomorpha Sauropoda Eusauropoda Neosauropoda Macronaria Camarasauromorpha Titanosauriformes Titanosauria Lithostrotia,wichmannianus,Late Cretaceous,84,65,18.0
24,apatosaurus,herbivorous,USA,sauropod,Dinosauria Saurischia Sauropodomorpha Sauropoda Eusauropoda Neosauropoda Diplodocoidea Diplodocidae,ajax,Late Jurassic,154,145,21.0
25,aragosaurus,herbivorous,Spain,sauropod,Dinosauria Saurischia Sauropodomorpha Sauropoda Eusauropoda,ischiadicus,Early Cretaceous,132,121,18.0
26,aralosaurus,herbivorous,Kazakhstan,euornithopod,Dinosauria Ornithischia Genasauria Cerapoda Ornithopoda Euornithopoda Iguanadontia Euiguanadontia Dryomorpha Ankylopollexia Iguanodontoidea Hadrosauridae Euhadrosauria Hadrosaurinae,tuberiferus,Late Cretaceous,94,84,8.0
27,archaeoceratops,herbivorous,China,ceratopsian,Dinosauria Ornithischia Genasauria Cerapoda Marginocephalia Ceratopsia Neoceratopsia,oshimai,Early Cretaceous,121,99,1.3
28,archaeopteryx,carnivorous,Germany,small theropod,Dinosauria Saurischia Theropoda Neotheropoda Tetanurae Avetheropoda Coelurosauria Tyrannoraptora Maniraptoriformes Maniraptora Paraves Eumaniraptoria Avialae Archaeopterygidae,lithographica,Late Jurassic,147,147,0.5
29,archaeornithomimus,carnivorous,Uzbekistan,small theropod,Dinosauria Saurischia Theropoda Neotheropoda Tetanurae Avetheropoda Coelurosauria Tyrannoraptora Maniraptoriformes Ornithomimosauria Ornithomimidae,asiaticus,Late Cretaceous,95,70,3.5
30,argentinosaurus,herbivorous,Argentina,sauropod,Dinosauria Saurischia Sauropodomorpha Sauropoda Eusauropoda Neosauropoda Macronaria Camarasauromorpha Titanosauriformes Titanosauria,huinculensis,Late Cretaceous,90,90,35.0
31,arrhinoceratops,herbivorous,Canada,ceratopsian,Dinosauria Ornithischia Genasauria Cerapoda Marginocephalia Ceratopsia Neoceratopsia Coronosauria Ceratopsidae Chasmosaurinae,brachyops,Late Cretaceous,72,67,6.0
32,atlascopcosaurus,herbivorous,Australia,euornithopod,Dinosauria Ornithischia Genasauria Cerapoda Ornithopoda Euornithopoda,loadsi,Early Cretaceous,121,97,3.0
33,aucasaurus,carnivorous,Argentina,large theropod,Dinosauria Saurischia Theropoda Neotheropoda Ceratosauria Neoceratosauria Abelisauroidea Abelisauria,garridoi,Late Cretaceous,84,71,5.0
34,austrosaurus,herbivorous,Australia,sauropod,Dinosauria Saurischia Sauropodomorpha Sauropoda Eusauropoda Neosauropoda Macronaria Camarasauromorpha Titanosauriformes Titanosauria,mckillopi,Early Cretaceous,112,99,15.0
35,avaceratops,herbivorous,USA,ceratopsian,Dinosauria Ornithischia Genasauria Cerapoda Marginocephalia Ceratopsia Neoceratopsia Coronosauria Ceratopsidae Centrosaurinae,lammersi,Late Cretaceous,80,75,2.3
36,avimimus,omnivorous,Mongolia,small theropod,Dinosauria Saurischia Theropoda Neotheropoda Tetanurae Avetheropoda Coelurosauria Tyrannoraptora Maniraptoriformes Maniraptora Oviraptorosauria Avimimidae,portentosus,Late Cretaceous,80,75,1.5
37,bactrosaurus,herbivorous,China,euornithopod,Dinosauria Ornithischia Genasauria Cerapoda Ornithopoda Euornithopoda Iguanadontia Euiguanadontia Dryomorpha Ankylopollexia Iguanodontoidea Hadrosauridae,johnsoni,Late Cretaceous,84,71,6.0
38,bagaceratops,herbivorous,Mongolia,ceratopsian,Dinosauria Ornithischia Genasauria Cerapoda Marginocephalia Ceratopsia Neoceratopsia Bagaceratopsidae,rozhdestvenskyi,Late Cretaceous,85,80,1.0
39,bambiraptor,carnivorous,USA,small theropod,Dinosauria Saurischia Theropoda Neotheropoda Tetanurae Avetheropoda Coelurosauria Tyrannoraptora Maniraptoriformes Maniraptora Paraves Eumaniraptora Dromaeosauridae,feinbergorum,Late Cretaceous,84,71,1.0
40,barapasaurus,herbivorous,India,sauropod,Dinosauria Saurischia Sauropodomorpha Sauropoda Eusauropoda Cetiosauridae,tagorei,Early Jurassic,185,170,14.0
41,barosaurus,herbivorous,USA,sauropod,Dinosauria Saurischia Sauropodomorpha Sauropoda Eusauropoda Neosauropoda Diplodocoidea Diplodocidae,lentus,Late Jurassic,155,145,24.0
42,baryonyx,carnivorous,United Kingdom,large theropod,Dinosauria Saurischia Theropoda Neotheropoda Tetanurae Spinosauroidea Spinosauridae Baryonychinae,walkeri,Early Cretaceous,125,125,10.0
43,becklespinax,carnivorous,United Kingdom,large theropod,Dinosauria Saurischia Theropoda Neotheropoda Tetanurae,altispinax,Early Cretaceous,142,132,5.0
44,beipiaosaurus,omnivorous,China,small theropod,Dinosauria Saurischia Theropoda Neotheropoda Tetanurae Avetheropoda Coelurosauria Tyrannoraptora Maniraptoriformes Maniraptora Therizinosauroidea,inexpectus,Early Cretaceous,127,121,2.0
45,bellusaurus,herbivorous,China,sauropod,Dinosauria Saurischia Sauropodomorpha Sauropoda Eusauropoda Neosauropoda Macronaria,sui,Mid Jurassic,180,159,5.0
46,borogovia,carnivorous,Mongolia,small theropod,Dinosauria Saurischia Theropoda Neotheropoda Tetanurae Avetheropoda Coelurosauria Tyrannoraptora Maniraptoriformes Maniraptora Paraves Eumaniraptoria Troodontidae,gracilicrus,Late Cretaceous,84,65,1.5
47,brachiosaurus,herbivorous,USA,sauropod,Dinosauria Saurischia Sauropodomorpha Sauropoda Eusauropoda Neosauropoda Macronaria Camarasauromorpha Titanosauriformes Brachiosauridae,altithorax,Late Jurassic,155,140,30.0
48,brachylophosaurus,herbivorous,USA,euornithopod,Dinosauria Ornithischia Genasauria Cerapoda Ornithopoda Euornithopoda Iguanadontia Euiguanadontia Dryomorpha Ankylopollexia Iguanodontoidea Hadrosauridae Euhadrosauria Hadrosaurinae,canadensis,Late Cretaceous,89,88,7.0
49,brachytrachelopan,herbivorous,Argentina,sauropod,Dinosauria Saurischia Sauropodomorpha Sauropoda Eusauropoda Neosauropoda Diplodocoidea Dicraeosauridae,mesai,Mid Jurassic,150,150,10.0
50,buitreraptor,carnivorous,Argentina,small theropod,Dinosauria Saurischia Theropoda Neotheropoda Tetanurae Avetheropoda Coelurosauria Tyrannoraptora Maniraptoriformes Maniraptora Paraves Eumaniraptora Dromaeosauridae Unenlagiinae,gonzalezorum,Late Cretaceous,99,90,1.3
51,camarasaurus,herbivorous,USA,sauropod,Dinosauria Saurischia Sauropodomorpha Sauropoda Eusauropoda Neosauropoda Macronaria Camarasauromorpha Camarasauridae,supremus,Late Jurassic,150,140,23.0
52,camptosaurus,herbivorous,USA,euornithopod,Dinosauria Ornithischia Genasauria Cerapoda Ornithopoda Euornithopoda Iguanadontia Euiguanadontia Dryomorpha Ankylopollexia,dispar,Late Jurassic,155,145,5.0
53,carcharodontosaurus,carnivorous,North Africa,large theropod,Dinosauria Saurischia Theropoda Neotheropoda Tetanurae Avetheropoda Carnosauria Allosauroidea Carcharodontosauridae,saharicus,Late Cretaceous,98,94,15.0
54,carnotaurus,carnivorous,Argentina,large theropod,Dinosauria Saurischia Theropoda Neotheropoda Ceratosauria Neoceratosauria Abelisauridae,sastrei,Late Cretaceous,70,70,7.6
55,caudipteryx,omnivorous,China,small theropod,Dinosauria Saurischia Theropoda Neotheropoda Tetanurae Avetheropoda Coelurosauria Tyrannoraptora Maniraptoriformes Maniraptora Oviraptorosauria Caudipterygidae,zoui,Early Cretaceous,125,122,1.0
56,cedarpelta,herbivorous,USA,armoured dinosaur,Dinosauria Ornithischia Genasauria Thyreophora Ankylosauromorpha Ankylosauria Ankylosauridae,bilbeyhallorum,Early Cretaceous,142,127,10.0
57,centrosaurus,herbivorous,Canada,ceratopsian,Dinosauria Ornithischia Genasauria Cerapoda Marginocephalia Ceratopsia Neoceratopsia Coronosauria Ceratopsidae Centrosaurinae,apertus,Late Cretaceous,76,74,6.0
58,ceratosaurus,carnivorous,USA,large theropod,Dinosauria Saurischia Theropoda Neotheropoda Ceratosauria Neoceratosauria,nasicornis,Late Jurassic,153,148,6.0
59,cetiosauriscus,herbivorous,United Kingdom,sauropod,Dinosauria Saurischia Sauropodomorpha Sauropoda Eusauropoda Neosauropoda Diplodocoidea,stewarti,Mid Jurassic,175,160,15.0
60,cetiosaurus,herbivorous,United Kingdom,sauropod,Dinosauria Saurischia Sauropodomorpha Sauropoda Eusauropoda Cetiosauridae,oxoniensis,Mid Jurassic,170,160,18.0
61,chaoyangsaurus,herbivorous,China,ceratopsian,Dinosauria Ornithischia Genasauria Cerapoda Marginocephalia Ceratopsia Neoceratopsia,youngi,Late Jurassic,152,145,1.1
62,chasmosaurus,herbivorous,Canada,ceratopsian,Dinosauria Ornithischia Genasauria Cerapoda Marginocephalia Ceratopsia Neoceratopsia Coronosauria Ceratopsidae Chasmosaurinae,belli,Late Cretaceous,76,74,5.0
63,chindesaurus,carnivorous,USA,small theropod,Dinosauria Saurischia Theropoda Herrerasauridae,bryansmalli,Late Triassic,227,210,4.0
64,chinshakiangosaurus,herbivorous,China,sauropod,Dinosauria Saurischia Sauropodomorpha Sauropoda,zhongheensis,Late Jurassic,159,142,11.0
65,chirostenotes,omnivorous,Canada,small theropod,Dinosauria Saurischia Theropoda Neotheropoda Tetanurae Avetheropoda Coelurosauria Tyrannoraptora Maniraptoriformes Maniraptora Oviraptorosauria Caenagnathoidea Caenagnathidae,pergracilis,Late Jurassic,79,67,1.7
66,chubutisaurus,herbivorous,Argentina,sauropod,Dinosauria Saurischia Sauropodomorpha Sauropoda Eusauropoda Neosauropoda Macronaria Camarasauromorpha Titanosauriformes Titanosauria,insignis,Early Cretaceous,112,99,23.0
67,chungkingosaurus,herbivorous,China,armoured dinosaur,Dinosauria Ornithischia Genasauria Thyreophora Stegosauria Stegosauridae Stegosaurinae,jiangbeiensis,Late Jurassic,159,142,4.0
68,citipati,omnivorous,Mongolia,small theropod,Dinosauria Saurischia Theropoda Neotheropoda Tetanurae Avetheropoda Coelurosauria Tyrannoraptora Maniraptoriformes Maniraptora Oviraptorosauria Caenagnathoidea Oviraptoridae Oviraptorinae,osmolskae,Late Cretaceous,81,75,2.1
69,coelophysis,carnivorous,Zimbabwe,small theropod,Dinosauria Saurischia Theropoda Neotheropoda Coelophysoidea Coelophysidae,bauri,Late Triassic,225,190,2.0
70,coelurus,carnivorous,USA,small theropod,Dinosauria Saurischia Theropoda Neotheropoda Tetanurae Avetheropoda Coelurosauria,fragilis,Late Jurassic,155,145,1.8
71,coloradisaurus,omnivorous,Argentina,sauropod,Dinosauria Saurischia Sauropodomorpha Prosauropoda Plateosauria Plateosauridae,brevis,Late Triassic,221,210,4.0
72,compsognathus,carnivorous,Germany,small theropod,Dinosauria Saurischia Theropoda Neotheropoda Tetanurae Avetheropoda Coelurosauria Compsognathidae,longipes,Late Jurassic,145,140,0.65
73,conchoraptor,carnivorous,Mongolia,small theropod,Dinosauria Saurischia Theropoda Neotheropoda Tetanurae Avetheropoda Coelurosauria Tyrannoraptora Maniraptoriformes Maniraptora Oviraptorosauria Caenagnathoidea Oviraptoridae Ingeniinae,gracilis,Late Cretaceous,81,76,1.5
74,confuciusornis,carnivorous,China,small theropod,Dinosauria Saurischia Theropoda Neotheropoda Tetanurae Avetheropoda Coelurosauria Tyrannoraptora Maniraptoriformes Maniraptora Paraves Eumaniraptoria Avialae Ornithurae Avibrevicauda Pygostylia Confuciusornithidae,sanctus,Early Cretaceous,127,121,0.25
75,corythosaurus,herbivorous,USA,euornithopod,Dinosauria Ornithischia Genasauria Cerapoda Ornithopoda Euornithopoda Iguanadontia Euiguanadontia Dryomorpha Ankylopollexia Iguanodontoidea Hadrosauridae Euhadrosauria Lambeosaurinae,casuarius,Late Cretaceous,76,74,10.0
76,cryolophosaurus,carnivorous,Antarctica,large theropod,Dinosauria Saurischia Theropoda Neotheropoda Tetanurae Avetheropoda Carnosauria,elliotti,Early Jurassic,170,170,8.0
77,dacentrurus,herbivorous,United Kingdom,armoured dinosaur,Dinosauria Ornithischia Genasauria Thyreophora Stegosauria Stegosauridae,armatus,Late Jurassic,154,150,6.0
78,daspletosaurus,carnivorous,Canada,large theropod,Dinosauria Saurischia Theropoda Neotheropoda Tetanurae Avetheropoda Coelurosauria Tyrannoraptora Tyrannosauroidea Tyrannosauridae Tyrannosaurinae,torosus,Late Cretaceous,76,74,9.0
79,datousaurus,herbivorous,China,sauropod,Dinosauria Saurischia Sauropodomorpha Sauropoda,bashanensis,Mid Jurassic,170,170,15.0
80,deinocheirus,omnivorous,Mongolia,large theropod,Dinosauria Saurischia Theropoda Neotheropoda Tetanurae Avetheropoda Coelurosauria Tyrannoraptora Maniraptoriformes Ornithomimosauria,mirificus,Late Cretaceous,70,66,10.0
81,deinonychus,carnivorous,USA,small theropod,Dinosauria Saurischia Theropoda Neotheropoda Tetanurae Avetheropoda Coelurosauria Tyrannoraptora Maniraptoriformes Maniraptora Paraves Eumaniraptora Dromaeosauridae,antirrhopus,Early Cretaceous,120,110,3.0
82,deltadromeus,carnivorous,Morocco,large theropod,Dinosauria Saurischia Theropoda Neotheropoda Tetanurae Avetheropoda Coelurosauria,agilis,Late Cretaceous,99,94,8.1
83,dicraeosaurus,herbivorous,Tanzania,sauropod,Dinosauria Saurischia Sauropodomorpha Sauropoda Eusauropoda Neosauropoda Diplodocoidea Dicraeosauridae,hansemanni,Late Jurassic,150,135,20.0
84,dilophosaurus,carnivorous,USA,large theropod,Dinosauria Saurischia Theropoda Neotheropoda Dilophosauridae,wetherilli,Early Jurassic,190,190,6.0
85,diplodocus,herbivorous,USA,sauropod,Dinosauria Saurischia Sauropodomorpha Sauropoda Eusauropoda Neosauropoda Diplodocoidea Diplodocidae,longus,Late Jurassic,155,145,26.0
86,dromaeosaurus,carnivorous,USA,small theropod,Dinosauria Saurischia Theropoda Neotheropoda Tetanurae Avetheropoda Coelurosauria Tyrannoraptora Maniraptoriformes Maniraptora Paraves Eumaniraptora Dromaeosauridae,albertensis,Late Cretaceous,76,74,1.8
87,dromiceiomimus,omnivorous,Canada,large theropod,Dinosauria Saurischia Theropoda Neotheropoda Tetanurae Avetheropoda Coelurosauria Tyrannoraptora Maniraptoriformes Ornithomimosauria Ornithomimidae,brevitertius,Late Cretaceous,74,70,3.5
88,dryosaurus,herbivorous,USA,euornithopod,Dinosauria Ornithischia Genasauria Cerapoda Ornithopoda Euornithopoda Iguanadontia Euiguanadontia Dryomorpha Dryosauridae,altus,Late Jurassic,155,140,4.0
89,dryptosaurus,carnivorous,USA,large theropod,Dinosauria Saurischia Theropoda Neotheropoda Tetanurae Avetheropoda Coelurosauria Tyrannoraptora Tyrannosauroidea,aquilunguis,Late Cretaceous,84,65,6.4
90,dubreuillosaurus,carnivorous,France,large theropod,Dinosauria Saurischia Theropoda Neotheropoda Tetanurae Spinosauroidea Megalosauridae Eustreptospondylinae,valesdunensis,Late Jurassic,169,164,9999.0
91,edmontonia,herbivorous,Canada,armoured dinosaur,Dinosauria Ornithischia Genasauria Thyreophora Ankylosauromorpha Ankylosauria Nodosauridae,longiceps,Late Cretaceous,76,74,4.0
92,edmontosaurus,herbivorous,Canada,euornithopod,Dinosauria Ornithischia Genasauria Cerapoda Ornithopoda Euornithopoda Iguanadontia Euiguanadontia Dryomorpha Ankylopollexia Iguanodontoidea Hadrosauridae Euhadrosauria Hadrosaurinae,regalis,Late Cretaceous,76,65,13.0
93,einiosaurus,herbivorous,USA,ceratopsian,Dinosauria Ornithischia Genasauria Cerapoda Marginocephalia Ceratopsia Neoceratopsia Coronosauria Ceratopsidae Centrosaurinae,procurvicornis,Late Cretaceous,74,74,6.0
94,elaphrosaurus,carnivorous,Tanzania,large theropod,Dinosauria Saurischia Theropoda Neotheropoda Ceratosauria Neoceratosauria,bambergi,Late Jurassic,154,151,6.2
95,emausaurus,herbivorous,Germany,armoured dinosaur,Dinosauria Ornithischia Genasauria Thyreophora,ernsti,Mid Jurassic,190,180,2.0
96,eolambia,herbivorous,USA,euornithopod,Dinosauria Ornithischia Genasauria Cerapoda Ornithopoda Euornithopoda Iguanadontia Euiguanadontia Dryomorpha Ankylopollexia Iguanodontoidea,caroljonesa,Late Cretaceous,99,94,9999.0
97,eoraptor,carnivorous,Argentina,small theropod,Dinosauria Saurischia Theropoda,lunensis,Late Triassic,228,228,1.0
98,eotyrannus,carnivorous,United Kingdom,large theropod,Dinosauria Saurischia Theropoda Neotheropoda Tetanurae Avetheropoda Coelurosauria Tyrannoraptora Tyrannosauroidea,lengi,Early Cretaceous,127,121,5.0
99,equijubus,herbivorous,China,euornithopod,Dinosauria Ornithischia Genasauria Cerapoda Ornithopoda Euornithopoda Iguanadontia Euiguanadontia Dryomorpha Ankylopollexia Iguanodontoidea,normani,Early Cretaceous,127,99,9999.0
100,erketu,herbivorous,Mongolia,sauropod,Dinosauria Saurischia Sauropodomorpha Sauropoda Eusauropoda Neosauropoda Macronaria Camarasauromorpha Titanosauriformes Titanosauria,ellisoni,Early Cretaceous,9999,9999,15.0
101,erlikosaurus,omnivorous,Mongolia,small theropod,Dinosauria Saurischia Theropoda Neotheropoda Tetanurae Avetheropoda Coelurosauria Tyrannoraptora Maniraptoriformes Maniraptora Therizinosauroidea Therizinosauridae,andrewsi,Late Cretaceous,99,89,3.4
102,euhelopus,herbivorous,China,sauropod,Dinosauria Saurischia Sauropodomorpha Sauropoda Eusauropoda,zdanskyi,Late Jurassic,154,142,10.0
103,euoplocephalus,herbivorous,USA,armoured dinosaur,Dinosauria Ornithischia Genasauria Thyreophora Ankylosauromorpha Ankylosauria Ankylosauridae,tutus,Late Cretaceous,76,70,7.0
104,europasaurus,herbivorous,Germany,sauropod,Dinosauria Saurischia Sauropodomorpha Sauropoda Eusauropoda Neosauropoda Macronaria,holgeri,Late Jurassic,154,151,6.2
105,eustreptospondylus,carnivorous,United Kingdom,large theropod,Dinosauria Saurischia Theropoda Neotheropoda Tetanurae Spinosauroidea Megalosauridae Eustreptospondylinae,oxoniensis,Mid Jurassic,165,165,7.0
106,fukuiraptor,carnivorous,Japan,large theropod,Dinosauria Saurischia Theropoda Neotheropoda Tetanurae Avetheropoda Carnosauria,kitadaniensis,Early Cretaceous,121,99,4.2
107,fukuisaurus,herbivorous,Japan,euornithopod,Dinosauria Ornithischia Genasauria Cerapoda Ornithopoda Euornithopoda Iguanadontia Euiguanadontia Dryomorpha Ankylopollexia Iguanodontoidea,tetoriensius,Early Cretaceous,121,99,4.7
108,gallimimus,omnivorous,Mongolia,large theropod,Dinosauria Saurischia Theropoda Neotheropoda Tetanurae Avetheropoda Coelurosauria Tyrannoraptora Maniraptoriformes Ornithomimosauria Ornithomimidae,bullatus,Late Cretaceous,74,70,6.0
109,gargoyleosaurus,herbivorous,USA,armoured dinosaur,Dinosauria Ornithischia Genasauria Thyreophora Ankylosauromorpha Ankylosauria,parkpinorum,Late Jurassic,154,142,4.0
110,garudimimus,omnivorous,Mongolia,large theropod,Dinosauria Saurischia Theropoda Neotheropoda Tetanurae Avetheropoda Coelurosauria Tyrannoraptora Maniraptoriformes Ornithomimosauria,brevipes,Late Cretaceous,99,89,4.7
111,gasosaurus,carnivorous,China,small theropod,Dinosauria Saurischia Theropoda Neotheropoda Tetanurae Avetheropoda,constructus,Mid Jurassic,170,160,4.0
112,gasparinisaura,herbivorous,Argentina,euornithopod,Dinosauria Ornithischia Genasauria Cerapoda Ornithopoda Euornithopoda,cincosaltensis,Late Cretaceous,86,71,0.8
113,gastonia,herbivorous,USA,armoured dinosaur,Dinosauria Ornithischia Genasauria Thyreophora Ankylosauromorpha Ankylosauria,burgei,Early Cretaceous,142,127,4.6
114,giganotosaurus,carnivorous,Argentina,large theropod,Dinosauria Saurischia Theropoda Neotheropoda Tetanurae Avetheropoda Carnosauria Allosauroidea Carcharodontosauridae,carolinii,Early Cretaceous,112,90,12.5
115,gilmoreosaurus,herbivorous,China,euornithopod,Dinosauria Ornithischia Genasauria Cerapoda Ornithopoda Euornithopoda Iguanadontia Euiguanadontia Dryomorpha Ankylopollexia Iguanodontoidea Hadrosauridae,mongoliensis,Late Cretaceous,76,70,6.0
116,giraffatitan,herbivorous,Tanzania,sauropod,Dinosauria Saurischia Sauropodomorpha Sauropoda Eusauropoda Neosauropoda Macronaria Camarasauromorpha Titanosauriformes Brachiosauridae,brancai,Late Jurassic,154,142,23.0
117,gobisaurus,herbivorous,China,armoured dinosaur,Dinosauria Ornithischia Genasauria Thyreophora Ankylosauromorpha Ankylosauria Ankylosauridae,domoculus,Early Cretaceous,121,99,5.0
118,gorgosaurus,carnivorous,USA,large theropod,Dinosauria Saurischia Theropoda Neotheropoda Tetanurae Avetheropoda Coelurosauria Tyrannoraptora Tyrannosauroidea Tyrannosauridae Albertosaurinae,libratus,Late Cretaceous,80,73,8.6
119,goyocephale,herbivorous,Mongolia,large theropod,Dinosauria Ornithischia Genasauria Cerapoda Marginocephalia Pachycephalosauria Goyocephala,lattimorei,Late Cretaceous,81,75,2.0
120,graciliceratops,herbivorous,Mongolia,ceratopsian,Dinosauria Ornithischia Genasauria Cerapoda Marginocephalia Ceratopsia Neoceratopsia,mongoliensis,Late Cretaceous,99,84,9999.0
121,gryposaurus,herbivorous,USA,euornithopod,Dinosauria Ornithischia Genasauria Cerapoda Ornithopoda Euornithopoda Iguanadontia Euiguanadontia Dryomorpha Ankylopollexia Iguanodontoidea Hadrosauridae Euhadrosauria Hadrosaurinae,notabilis,Late Cretaceous,86,71,10.0
122,guaibasaurus,herbivorous,Brazil,small theropod,Dinosauria Saurischia Theropoda,candelariensis,Late Triassic,221,210,1.8
123,guanlong,carnivorous,China,small theropod,Dinosauria Saurischia Theropoda Neotheropoda Tetanurae Avetheropoda Coelurosauria Tyrannoraptora Tyrannosauroidea,wucaii,Late Jurassic,159,154,3.0
124,hadrosaurus,herbivorous,USA,euornithopod,Dinosauria Ornithischia Genasauria Cerapoda Ornithopoda Euornithopoda Iguanadontia Euiguanadontia Dryomorpha Ankylopollexia Iguanodontoidea Hadrosauridae Euhadrosauria Hadrosaurinae,foulkii,Late Cretaceous,78,74,9.0
125,hagryphus,omnivorous,USA,small theropod,Dinosauria Saurischia Theropoda Neotheropoda Tetanurae Avetheropoda Coelurosauria Tyrannoraptora Maniraptoriformes Maniraptora Oviraptorosauria,giganteus,9999,9999,9999,3.0
126,haplocanthosaurus,herbivorous,USA,sauropod,Dinosauria Saurischia Sauropodomorpha Sauropoda Eusauropoda Neosauropoda Macronaria Camarasauromorpha Camarasauridae,priscus,Late Jurassic,154,142,21.5
127,harpymimus,omnivorous,Mongolia,small theropod,Dinosauria Saurischia Theropoda Neotheropoda Tetanurae Avetheropoda Coelurosauria Tyrannoraptora Maniraptoriformes Ornithomimosauria,okladnikovi,Early Cretaceous,121,99,2.0
128,herrerasaurus,carnivorous,Argentina,small theropod,Dinosauria Saurischia Theropoda Herrerasauridae,ischigualastensis,Late Triassic,228,228,3.0
129,hesperosaurus,herbivorous,USA,armoured dinosaur,Dinosauria Ornithischia Genasauria Thyreophora Stegosauria Stegosauridae Stegosaurinae,mjosi,Late Jurassic,154,142,6.0
130,heterodontosaurus,herbivorous,South Africa,euornithopod,Dinosauria Ornithischia Genasauria Cerapoda Heterodontosauridae,tucki,Early Jurassic,205,205,1.2
131,heyuannia,omnivorous,Mongolia,small theropod,Dinosauria Saurischia Theropoda Neotheropoda Tetanurae Avetheropoda Coelurosauria Tyrannoraptora Maniraptoriformes Maniraptora Oviraptorosauria Caenagnathoidea Oviraptoridae Ingeniinae,yanshini,Late Cretaceous,72,68,2.0
132,homalocephale,herbivorous,Mongolia,euornithopod,Dinosauria Ornithischia Genasauria Cerapoda Marginocephalia Pachycephalosauria Goyocephala Homalocephaloidea,calathocercos,Late Cretaceous,72,68,1.5
133,huayangosaurus,herbivorous,China,armoured dinosaur,Dinosauria Ornithischia Genasauria Thyreophora Stegosauria Huayangosauridae,taibaii,Mid Jurassic,170,160,4.5
134,hylaeosaurus,herbivorous,United Kingdom,armoured dinosaur,Dinosauria Ornithischia Genasauria Thyreophora Ankylosauromorpha Ankylosauria,armatus,Early Cretaceous,150,135,5.0
135,hypacrosaurus,herbivorous,USA,euornithopod,Dinosauria Ornithischia Genasauria Cerapoda Ornithopoda Euornithopoda Iguanadontia Euiguanadontia Dryomorpha Ankylopollexia Iguanodontoidea Hadrosauridae Euhadrosauria Lambeosaurinae,altispinus,Late Cretaceous,70,70,9.0
136,hypsilophodon,herbivorous,United Kingdom,euornithopod,Dinosauria Ornithischia Genasauria Cerapoda Ornithopoda Euornithopoda Hypsilophodontidae,foxii,Early Cretaceous,125,125,2.3
137,iguanodon,herbivorous,United Kingdom,euornithopod,Dinosauria Ornithischia Genasauria Cerapoda Ornithopoda Euornithopoda Iguanadontia Euiguanadontia Dryomorpha Ankylopollexia Iguanodontoidea,bernissartensis,Early Cretaceous,140,110,10.0
138,indosuchus,carnivorous,India,large theropod,Dinosauria Saurischia Theropoda Neotheropoda Ceratosauria Neoceratosauria,raptorius,Late Cretaceous,71,65,7.0
139,irritator,carnivorous,Brazil,large theropod,Dinosauria Saurischia Theropoda Neotheropoda Tetanurae Spinosauroidea Spinosauridae Spinosaurinae,challengeri,Early Cretaceous,112,99,6.5
140,isisaurus,herbivorous,India,sauropod,Dinosauria Saurischia Sauropodomorpha Sauropoda Eusauropoda Neosauropoda Macronaria Camarasauromorpha Titanosauriformes Titanosauria Lithostrotia,colberti,Late Cretaceous,71,65,9999.0
141,janenschia,herbivorous,Tanzania,sauropod,Dinosauria Saurischia Sauropodomorpha Sauropoda Eusauropoda Neosauropoda Macronaria Camarasauromorpha Titanosauriformes Titanosauria,robusta,Late Jurassic,154,151,20.0
142,jaxartosaurus,herbivorous,Kazakhstan,euornithopod,Dinosauria Ornithischia Genasauria Cerapoda Ornithopoda Euornithopoda Iguanadontia Euiguanadontia Dryomorpha Ankylopollexia Iguanodontoidea Hadrosauridae Euhadrosauria Lambeosaurinae,aralensis,Late Cretaceous,94,84,9.0
143,jingshanosaurus,herbivorous,China,sauropod,Dinosauria Saurischia Sauropodomorpha Prosauropoda Plateosauria,xinwaensis,Early Jurassic,205,190,5.0
144,jinzhousaurus,herbivorous,China,euornithopod,Dinosauria Ornithischia Genasauria Cerapoda Ornithopoda Euornithopoda Iguanadontia Euiguanadontia Dryomorpha Ankylopollexia Iguanodontoidea,yangi,Early Cretaceous,127,121,9999.0
145,jobaria,herbivorous,Niger,sauropod,Dinosauria Saurischia Sauropodomorpha Sauropoda Eusauropoda Neosauropoda Macronaria,tiguidensis,Early Cretaceous,132,94,21.0
146,juravenator,carnivorous,Germany,small theropod,Dinosauria Saurischia Theropoda Neotheropoda Tetanurae Avetheropoda Coelurosauria Compsognathidae,starki,Late Jurassic,154,151,0.8
147,kentrosaurus,herbivorous,Tanzania,armoured dinosaur,Dinosauria Ornithischia Genasauria Thyreophora Stegosauria Stegosauridae Stegosaurinae,aethiopicus,Late Jurassic,155,150,5.0
148,khaan,omnivorous,Mongolia,small theropod,Dinosauria Saurischia Theropoda Neotheropoda Tetanurae Avetheropoda Coelurosauria Tyrannoraptora Maniraptoriformes Maniraptora Oviraptorosauria Caenagnathoidea Oviraptoridae Ingeniinae,mckennai,Late Cretaceous,81,75,1.8
149,kotasaurus,herbivorous,India,sauropod,Dinosauria Saurischia Sauropodomorpha Sauropoda,yamanpalliensis,Early Jurassic,205,180,9.0
150,kritosaurus,herbivorous,USA,euornithopod,Dinosauria Ornithischia Genasauria Cerapoda Ornithopoda Euornithopoda Iguanadontia Euiguanadontia Dryomorpha Ankylopollexia Iguanodontoidea Hadrosauridae Euhadrosauria Hadrosaurinae,navajovius,Late Cretaceous,78,74,8.0
151,lambeosaurus,herbivorous,Canada,euornithopod,Dinosauria Ornithischia Genasauria Cerapoda Ornithopoda Euornithopoda Iguanadontia Euiguanadontia Dryomorpha Ankylopollexia Iguanodontoidea Hadrosauridae Euhadrosauria Lambeosaurinae,lambei,Late Cretaceous,76,74,9.0
152,lapparentosaurus,herbivorous,Madagascar,sauropod,Dinosauria Saurischia Sauropodomorpha Sauropoda Eusauropoda Neosauropoda Macronaria Camarasauromorpha Titanosauriformes,madagascariensis,Mid Jurassic,169,164,9999.0
153,leaellynasaura,herbivorous,Australia,euornithopod,Dinosauria Ornithischia Genasauria Cerapoda Ornithopoda Euornithopoda,amicagraphica,Early Cretaceous,115,110,2.0
154,leptoceratops,herbivorous,USA,ceratopsian,Dinosauria Ornithischia Genasauria Cerapoda Marginocephalia Ceratopsia Neoceratopsia Coronosauria,gracilis,Late Cretaceous,67,65,3.0
155,lesothosaurus,herbivorous,Lesotho,9999,Dinosauria Ornithischia,diagnosticus,Early Jurassic,213,200,1.0
156,liaoceratops,herbivorous,China,ceratopsian,Dinosauria Ornithischia Genasauria Cerapoda Marginocephalia Ceratopsia Neoceratopsia,yanzigouensis,Early Cretaceous,127,121,9999.0
157,ligabuesaurus,herbivorous,Argentina,sauropod,Dinosauria Saurischia Sauropodomorpha Sauropoda Eusauropoda Neosauropoda Macronaria Camarasauromorpha Titanosauriformes Titanosauria,leanzai,Early Cretaceous,121,99,24.0
158,liliensternus,carnivorous,Germany,small theropod,Dinosauria Saurischia Theropoda Neotheropoda,liliensterni,Late Triassic,205,202,5.0
159,lophorhothon,herbivorous,USA,euornithopod,Dinosauria Ornithischia Genasauria Cerapoda Ornithopoda Euornithopoda Iguanadontia Euiguanadontia Dryomorpha Ankylopollexia Iguanodontoidea Hadrosauridae Euhadrosauria Hadrosaurinae,atopus,Late Cretaceous,84,71,4.5
160,lophostropheus,carnivorous,France,large theropod,Dinosauria Saurischia,airelensis,Early Jurassic,203,196,6.2
161,lufengosaurus,herbivorous,China,sauropod,Dinosauria Saurischia Sauropodomorpha Prosauropoda Plateosauria Plateosauridae,huenei,Early Jurassic,200,195,6.0
162,lurdusaurus,herbivorous,Niger,euornithopod,Dinosauria Ornithischia Genasauria Cerapoda Ornithopoda Euornithopoda Iguanadontia Euiguanadontia Dryomorpha Ankylopollexia Iguanodontoidea,arenatus,Early Cretaceous,121,112,9.0
163,lycorhinus,herbivorous,South Africa,euornithopod,Dinosauria Ornithischia Genasauria Cerapoda Heterodontosauridae,angustidens,Late Triassic,205,195,1.2
164,magyarosaurus,herbivorous,Romania,sauropod,Dinosauria Saurischia Sauropodomorpha Sauropoda Eusauropoda Neosauropoda Macronaria Camarasauromorpha Titanosauriformes Titanosauria Lithostrotia,dacus,Late Cretaceous,71,65,5.0
165,maiasaura,herbivorous,USA,euornithopod,Dinosauria Ornithischia Genasauria Cerapoda Ornithopoda Euornithopoda Iguanadontia Euiguanadontia Dryomorpha Ankylopollexia Iguanodontoidea Hadrosauridae Euhadrosauria Hadrosaurinae,peeblesorum,Late Cretaceous,80,75,9.0
166,majungasaurus,carnivorous,Madagascar,large theropod,Dinosauria Saurischia Theropoda Neotheropoda Ceratosauria Neoceratosauria Abelisauridae,atopus,Late Cretaceous,84,71,6.0
167,malawisaurus,herbivorous,Malawi,sauropod,Dinosauria Saurischia Sauropodomorpha Sauropoda Eusauropoda Neosauropoda Macronaria Camarasauromorpha Titanosauriformes Titanosauria Lithostrotia,dixeyi,Early Cretaceous,121,112,9.0
168,mamenchisaurus,herbivorous,China,sauropod,Dinosauria Saurischia Sauropodomorpha Sauropoda Eusauropoda,constructus,Late Jurassic,155,145,22.0
169,mapusaurus,carnivorous,Argentina,large theropod,Dinosauria Saurischia Theropoda Neotheropoda Tetanurae Avetheropoda Carnosauria Allosauroidea Allosauridae Charcharodontosauridae Giganotosaurinae,roseae,Late Cretaceous,99,94,13.0
170,marshosaurus,carnivorous,USA,large theropod,Dinosauria Saurischia Theropoda Neotheropoda Tetanurae Avetheropoda,bicentesimus,Late Jurassic,154,142,6.0
171,masiakasaurus,carnivorous,Madagascar,small theropod,Dinosauria Saurischia Theropoda Neotheropoda Ceratosauria Neoceratosauria Abelisauroidea Abelisauria,knopfleri,Late Cretaceous,84,71,2.0
172,massospondylus,omnivorous,Zimbabwe,sauropod,Dinosauria Saurischia Sauropodomorpha Prosauropoda Plateosauria Plateosauridae,carinatus,Early Jurassic,208,204,4.0
173,maxakalisaurus,herbivorous,Brazil,sauropod,Dinosauria Saurischia Sauropodomorpha Sauropoda Eusauropoda Neosauropoda Macronaria Camarasauromorpha Titanosauriformes Titanosauria Lithostrotia Saltasauridae Saltasaurinae,topai,Late Cretaceous,80,80,13.0
174,megalosaurus,carnivorous,United Kingdom,large theropod,Dinosauria Saurischia Theropoda Neotheropoda Tetanurae Spinosauroidea Megalosauridae Megalosaurinae,bucklandii,Mid Jurassic,170,155,9.0
175,melanorosaurus,omnivorous,South Africa,sauropod,Dinosauria Saurischia Sauropodomorpha Prosauropoda Anchisauria Melanorosauridae,readi,Late Triassic,227,221,12.0
176,metriacanthosaurus,carnivorous,United Kingdom,large theropod,Dinosauria Saurischia Theropoda Neotheropoda Tetanurae,parkeri,Late Jurassic,159,154,8.2
177,microceratus,herbivorous,Mongolia,ceratopsian,Dinosauria Ornithischia Genasauria Cerapoda Marginocephalia Ceratopsia Neoceratopsia Coronosauria,gobiensis,Late Cretaceous,86,66,0.5
178,micropachycephalosaurus,herbivorous,China,ceratopsian,Dinosauria Ornithischia Genasauria Cerapoda Marginocephalia Pachycephalosauria,hongtuyanensis,Late Cretaceous,84,71,0.6
179,microraptor,carnivorous,China,small theropod,Dinosauria Saurischia Theropoda Neotheropoda Tetanurae Avetheropoda Coelurosauria Tyrannoraptora Maniraptoriformes Maniraptora Paraves Eumaniraptora Dromaeosauridae,zhaoianus,Early Cretaceous,125,122,0.8
180,minmi,herbivorous,Australia,armoured dinosaur,Dinosauria Ornithischia Genasauria Thyreophora Ankylosauromorpha Ankylosauria,paravertebra,Early Cretaceous,121,112,3.0
181,monolophosaurus,carnivorous,China,large theropod,Dinosauria Saurischia Theropoda Neotheropoda Tetanurae Avetheropoda Carnosauria,jiangi,Mid Jurassic,180,159,5.7
182,mononykus,unknown,Mongolia,small theropod,Dinosauria Saurischia Theropoda Neotheropoda Tetanurae Avetheropoda Coelurosauria Tyrannoraptora Maniraptoriformes Maniraptora Alvarezsauridae,olecranus,Late Cretaceous,81,68,1.0
183,mussaurus,herbivorous,Argentina,sauropod,Dinosauria Saurischia Sauropodomorpha Prosauropoda Plateosauria Plateosauridae,patagonicus,Late Triassic,221,210,3.0
184,muttaburrasaurus,herbivorous,Australia,euornithopod,Dinosauria Ornithischia Genasauria Cerapoda Ornithopoda Euornithopoda Iguanadontia Euiguanadontia Dryomorpha Ankylopollexia Iguanodontoidea,langdoni,Early Cretaceous,110,100,7.0
185,nanshiungosaurus,omnivorous,China,large theropod,Dinosauria Saurischia Theropoda Neotheropoda Tetanurae Avetheropoda Coelurosauria Tyrannoraptora Maniraptoriformes Maniraptora Therizinosauroidea Therizinosauridae,brevispinus,Late Cretaceous,84,71,4.4
186,nedoceratops,herbivorous,USA,ceratopsian,Dinosauria Ornithischia Genasauria Cerapoda Marginocephalia Ceratopsia Neoceratopsia Coronosauria Ceratopsidae Chasmosaurinae,hatcheri,Late Cretaceous,67,65,7.0
187,nemegtosaurus,herbivorous,Mongolia,sauropod,Dinosauria Saurischia Sauropodomorpha Sauropoda Eusauropoda Neosauropoda Diplodocoidea Nemegtosauridae,mongoliensis,Late Cretaceous,72,68,13.0
188,neovenator,carnivorous,United Kingdom,large theropod,Dinosauria Saurischia Theropoda Neotheropoda Tetanurae Avetheropoda Carnosauria Allosauroidea Carcharodontosauridae,salerii,Early Cretaceous,127,121,7.4
189,neuquenosaurus,herbivorous,Argentina,sauropod,Dinosauria Saurischia Sauropodomorpha Sauropoda Eusauropoda Neosauropoda Macronaria Camarasauromorpha Titanosauriformes Titanosauria Lithostrotia Saltasauridae,australis,Late Cretaceous,71,65,10.0
190,nigersaurus,herbivorous,Tunisia,sauropod,Dinosauria Saurischia Sauropodomorpha Sauropoda Eusauropoda Neosauropoda Diplodocoidea Rebbachisauridae,taqueti,Early Cretaceous,121,99,15.0
191,nipponosaurus,herbivorous,Russia,euornithopod,Dinosauria Ornithischia Genasauria Cerapoda Ornithopoda Euornithopoda Iguanadontia Euiguanadontia Dryomorpha Ankylopollexia Iguanodontoidea Hadrosauridae Euhadrosauria Lambeosaurinae,sachalinensis,Late Cretaceous,89,84,9999.0
192,noasaurus,carnivorous,Argentina,small theropod,Dinosauria Saurischia Theropoda Neotheropoda Ceratosauria Neoceratosauria Abelisauroidea Abelisauria,leali,Late Cretaceous,84,65,1.0
193,nodosaurus,herbivorous,USA,armoured dinosaur,Dinosauria Ornithischia Genasauria Thyreophora Ankylosauromorpha Ankylosauria Nodosauridae,textilis,Early Cretaceous,110,100,5.0
194,nomingia,omnivorous,Mongolia,small theropod,Dinosauria Saurischia Theropoda Neotheropoda Tetanurae Avetheropoda Coelurosauria Tyrannoraptora Maniraptoriformes Maniraptora Oviraptorosauria Caenagnathoidea Caenagnathidae,gobiensis,Late Cretaceous,72,68,1.6
195,nothronychus,omnivorous,USA,large theropod,Dinosauria Saurischia Theropoda Neotheropoda Tetanurae Avetheropoda Coelurosauria Tyrannoraptora Maniraptoriformes Maniraptora Therizinosauroidea Therizinosauridae,mckinleyi,Late Cretaceous,94,89,5.3
196,nqwebasaurus,carnivorous,South Africa,small theropod,Dinosauria Saurischia Theropoda Neotheropoda Tetanurae Avetheropoda Coelurosauria,thwazi,Mid Jurassic,159,132,1.0
197,omeisaurus,herbivorous,China,sauropod,Dinosauria Saurischia Sauropodomorpha Sauropoda Eusauropoda,junghsiensis,Mid Jurassic,169,159,20.0
198,opisthocoelicaudia,herbivorous,Mongolia,sauropod,Dinosauria Saurischia Sauropodomorpha Sauropoda Eusauropoda Neosauropoda Macronaria Camarasauromorpha Titanosauriformes Titanosauria Lithostrotia Saltasauridae,skarzynskii ,Late Cretaceous,72,68,12.0
199,ornitholestes,carnivorous,USA,small theropod,Dinosauria Saurischia Theropoda Neotheropoda Tetanurae Avetheropoda Coelurosauria,hermanni,Late Jurassic,150,144,2.0
200,ornithomimus,omnivorous,USA,large theropod,Dinosauria Saurischia Theropoda Neotheropoda Tetanurae Avetheropoda Coelurosauria Tyrannoraptora Maniraptoriformes Ornithomimosauria Ornithomimidae,velox,Late Cretaceous,74,65,4.0
201,orodromeus,herbivorous,USA,euornithopod,Dinosauria Ornithischia Genasauria Cerapoda Ornithopoda Euornithopoda,makelai,Late Cretaceous,74,74,2.0
202,oryctodromeus,herbivorous,USA,euornithopod,Dinosauria Ornithischia,cubicularis,Late Cretaceous,99,94,2.1
203,othnielia,herbivorous,USA,euornithopod,Dinosauria Ornithischia Genasauria Cerapoda Ornithopoda Euornithopoda,rex,Late Jurassic,154,142,1.4
204,ouranosaurus,herbivorous,Niger,euornithopod,Dinosauria Ornithischia Genasauria Cerapoda Ornithopoda Euornithopoda Iguanadontia Euiguanadontia Dryomorpha Ankylopollexia Iguanodontoidea,nigeriensis,Early Cretaceous,115,100,7.0
205,oviraptor,omnivorous,Mongolia,small theropod,Dinosauria Saurischia Theropoda Neotheropoda Tetanurae Avetheropoda Coelurosauria Tyrannoraptora Maniraptoriformes Maniraptora Oviraptorosauria Caenagnathoidea Oviraptoridae Oviraptorinae,philoceratops,Late Cretaceous,85,75,2.0
206,pachycephalosaurus,herbivorous,USA,euornithopod,Dinosauria Ornithischia Genasauria Cerapoda Marginocephalia Pachycephalosauria Goyocephala Homalocephaloidea Pachycephalosauridae,wyomingensis,Late Cretaceous,76,65,8.0
207,pachyrhinosaurus,herbivorous,Canada,ceratopsian,Dinosauria Ornithischia Genasauria Cerapoda Marginocephalia Ceratopsia Neoceratopsia Coronosauria Ceratopsidae Centrosaurinae,canadensis,Late Cretaceous,76,74,6.0
208,panoplosaurus,herbivorous,USA,armoured dinosaur,Dinosauria Ornithischia Genasauria Thyreophora Ankylosauromorpha Ankylosauria Nodosauridae,mirus,Late Cretaceous,79,75,7.0
209,pantydraco,herbivorous,Wales,euornithopod,Dinosauria Saurischia,caducus,Early Jurassic,9999,9999,3.0
210,paralititan,herbivorous,Egypt,sauropod,Dinosauria Saurischia Sauropodomorpha Sauropoda Eusauropoda Neosauropoda Macronaria Camarasauromorpha Titanosauriformes Titanosauria Lithostrotia,stromeri,Late Cretaceous,99,94,28.0
211,parasaurolophus,herbivorous,USA,euornithopod,Dinosauria Ornithischia Genasauria Cerapoda Ornithopoda Euornithopoda Iguanadontia Euiguanadontia Dryomorpha Ankylopollexia Iguanodontoidea Hadrosauridae Euhadrosauria Lambeosaurinae,walkeri,Late Cretaceous,76,74,11.0
212,parksosaurus,herbivorous,Canada,euornithopod,Dinosauria Ornithischia Genasauria Cerapoda Ornithopoda Euornithopoda,warrenae,Late Cretaceous,76,74,3.0
213,patagosaurus,herbivorous,Argentina,sauropod,Dinosauria Saurischia Sauropodomorpha Sauropoda Eusauropoda Cetiosauridae,fariasi,Mid Jurassic,164,159,18.0
214,pelicanimimus,carnivorous,Spain,small theropod,Dinosauria Saurischia Theropoda Neotheropoda Tetanurae Avetheropoda Coelurosauria Tyrannoraptora Maniraptoriformes Ornithomimosauria,polyodon,Early Cretaceous,127,121,2.0
215,pelorosaurus,herbivorous,United Kingdom,sauropod,Dinosauria Saurischia Sauropodomorpha Sauropoda Eusauropoda Neosauropoda Macronaria Camarasauromorpha Titanosauriformes,conybearei,Early Cretaceous,125,125,25.0
216,pentaceratops,herbivorous,USA,ceratopsian,Dinosauria Ornithischia Genasauria Cerapoda Marginocephalia Ceratopsia Neoceratopsia Coronosauria Ceratopsidae Chasmosaurinae,sternbergi,Late Cretaceous,76,74,6.8
217,piatnitzkysaurus,carnivorous,Argentina,large theropod,Dinosauria Saurischia Theropoda Neotheropoda Tetanurae Spinosauroidea Megalosauridae Eustreptospondylinae,floresi,Late Jurassic,164,159,4.2
218,pinacosaurus,herbivorous,Mongolia,armoured dinosaur,Dinosauria Ornithischia Genasauria Thyreophora Ankylosauromorpha Ankylosauria Ankylosauridae,grangeri,Late Cretaceous,81,75,5.0
219,plateosaurus,herbivorous,Switzerland,sauropod,Dinosauria Saurischia Sauropodomorpha Prosauropoda Plateosauria Plateosauridae,engelhardti,Late Triassic,210,210,7.0
220,podokesaurus,carnivorous,USA,small theropod,Dinosauria Saurischia Theropoda Neotheropoda Coelophysoidea,holyokensis,Mid Jurassic,195,180,0.9
221,poekilopleuron,carnivorous,France,large theropod,Dinosauria Saurischia Theropoda Neotheropoda Tetanurae Spinosauroidea Megalosauridae Megalosaurinae,bucklandii,Mid Jurassic,169,164,9.0
222,polacanthus,herbivorous,United Kingdom,armoured dinosaur,Dinosauria Ornithischia Genasauria Thyreophora Ankylosauromorpha Ankylosauria,foxii,Early Cretaceous,125,125,5.0
223,prenocephale,herbivorous,Mongolia,euornithopod,Dinosauria Ornithischia Genasauria Cerapoda Marginocephalia Pachycephalosauria Goyocephala Homalocephaloidea Pachycephalosauridae,prenes,Late Cretaceous,80,65,2.4
224,probactrosaurus,herbivorous,China,euornithopod,Dinosauria Ornithischia Genasauria Cerapoda Ornithopoda Euornithopoda Iguanadontia Euiguanadontia Dryomorpha Ankylopollexia Iguanodontoidea,gobiensis,Early Cretaceous,121,99,6.0
225,proceratosaurus,carnivorous,United Kingdom,small theropod,Dinosauria Saurischia Theropoda Neotheropoda Tetanurae Avetheropoda Coelurosauria,bradleyi,Mid Jurassic,169,164,4.1
226,procompsognathus,carnivorous,Germany,small theropod,Dinosauria Saurischia Theropoda Neotheropoda Coelophysoidea,triassicus,Late Triassic,221,210,1.0
227,prosaurolophus,herbivorous,USA,euornithopod,Dinosauria Ornithischia Genasauria Cerapoda Ornithopoda Euornithopoda Iguanadontia Euiguanadontia Dryomorpha Ankylopollexia Iguanodontoidea Hadrosauridae Euhadrosauria Hadrosaurinae,maximus,Late Cretaceous,77,75,7.6
228,protarchaeopteryx,carnivorous,China,small theropod,Dinosauria Saurischia Theropoda Neotheropoda Tetanurae Avetheropoda Coelurosauria Tyrannoraptora Maniraptoriformes Maniraptora Paraves Eumaniraptora,robusta,Early Cretaceous,122,120,2.0
229,protoceratops,herbivorous,Mongolia,ceratopsian,Dinosauria Ornithischia Genasauria Cerapoda Marginocephalia Ceratopsia Neoceratopsia Coronosauria,andrewsi,Late Cretaceous,74,70,1.8
230,protohadros,herbivorous,USA,euornithopod,Dinosauria Ornithischia Genasauria Cerapoda Ornithopoda Euornithopoda Iguanadontia Euiguanadontia Dryomorpha Ankylopollexia Iguanodontoidea,byrdi,Late Cretaceous,99,94,6.0
231,psittacosaurus,herbivorous,Russia,ceratopsian,Dinosauria Ornithischia Genasauria Cerapoda Marginocephalia Ceratopsia Psittacosauridae,mongoliensis,Early Cretaceous,120,100,2.0
232,quaesitosaurus,herbivorous,Mongolia,sauropod,Dinosauria Saurischia Sauropodomorpha Sauropoda Eusauropoda Neosauropoda Diplodocoidea Nemegtosauridae,orientalis,Late Cretaceous,86,84,23.0
233,rebbachisaurus,herbivorous,Morocco,sauropod,Dinosauria Saurischia Sauropodomorpha Sauropoda Eusauropoda Neosauropoda Diplodocoidea Rebbachisauridae,garasbae,Early Cretaceous,112,99,20.0
234,rhabdodon,herbivorous,Spain,euornithopod,Dinosauria Ornithischia Genasauria Cerapoda Ornithopoda Euornithopoda Iguanadontia Rhabdodontidae,priscus,Late Cretaceous,76,70,4.0
235,rhoetosaurus,herbivorous,Australia,sauropod,Dinosauria Saurischia Sauropodomorpha Sauropoda,brownei,Mid Jurassic,177,169,15.0
236,rinchenia,omnivorous,Mongolia,small theropod,Dinosauria Saurischia Theropoda Neotheropoda Tetanurae Avetheropoda Coelurosauria Tyrannoraptora Maniraptoriformes Maniraptora Oviraptorosauria Caenagnathoidea Oviraptoridae Oviraptorinae,mongoliensis,Late Cretaceous,72,68,2.5
237,riojasaurus,herbivorous/omnivorous,Argentina,sauropod,Dinosauria Saurischia Sauropodomorpha Prosauropoda Anchisauria Melanorosauridae,incertus,Late Triassic,221,210,5.15
238,rugops,carnivorous,Niger,large theropod,Dinosauria Saurischia Theropoda Neotheropoda Ceratosauria Neoceratosauria Abelisauridae,primus,Late Cretaceous,95,95,7.0
239,saichania,herbivorous,Mongolia,armoured dinosaur,Dinosauria Ornithischia Genasauria Thyreophora Ankylosauromorpha Ankylosauria Ankylosauridae,chulsanensis,Late Cretaceous,80,80,6.6
240,saltasaurus,herbivorous,Argentina,sauropod,Dinosauria Saurischia Sauropodomorpha Sauropoda Eusauropoda Neosauropoda Macronaria Camarasauromorpha Titanosauriformes Titanosauria Lithostrotia Saltasauridae,loricatus,Late Cretaceous,70,65,12.0
241,saltopus,carnivorous,United Kingdom,small theropod,Dinosauria,elginensis,Late Triassic,221,210,9999.0
242,sarcosaurus,carnivorous,United Kingdom,small theropod,Dinosauria Saurischia Theropoda Neotheropoda Ceratosauria,woodi,Early Jurassic,202,195,3.0
243,saurolophus,herbivorous,Mongolia,euornithopod,Dinosauria Ornithischia Genasauria Cerapoda Ornithopoda Euornithopoda Iguanadontia Euiguanadontia Dryomorpha Ankylopollexia Iguanodontoidea Hadrosauridae Euhadrosauria Hadrosaurinae,osborni,Late Cretaceous,74,70,9.0
244,sauropelta,herbivorous,USA,armoured dinosaur,Dinosauria Ornithischia Genasauria Thyreophora Ankylosauromorpha Ankylosauria Nodosauridae,edwardsorum,Early Cretaceous,121,94,6.5
245,saurophaganax,carnivorous,USA,large theropod,Dinosauria Saurischia Theropoda Neotheropoda Tetanurae Avetheropoda Carnosauria Allosauroidea Allosauridae,maximus,Late Jurassic,154,142,12.0
246,saurornithoides,carnivorous,Mongolia,small theropod,Dinosauria Saurischia Theropoda Neotheropoda Tetanurae Avetheropoda Coelurosauria Tyrannoraptora Maniraptoriformes Maniraptora Paraves Eumaniraptoria Troodontidae,mongoliensis,Late Cretaceous,85,80,3.0
247,scelidosaurus,herbivorous,United Kingdom,armoured dinosaur,Dinosauria Ornithischia Genasauria Thyreophora Scelidosauridae,harrisonii,Early Jurassic,208,194,4.0
248,scutellosaurus,herbivorous,USA,armoured dinosaur,Dinosauria Ornithischia Genasauria Thyreophora,lawleri,Early Jurassic,205,202,1.2
249,secernosaurus,herbivorous,Argentina,euornithopod,Dinosauria Ornithischia Genasauria Cerapoda Ornithopoda Euornithopoda Iguanadontia Euiguanadontia Dryomorpha Ankylopollexia Iguanodontoidea Hadrosauridae,koerneri,Late Cretaceous,71,65,3.0
250,segisaurus,carnivorous,USA,small theropod,Dinosauria Saurischia Theropoda Neotheropoda Coelophysoidea Coelophysidae,halli,Mid Jurassic,195,180,1.5
251,segnosaurus,carnivorous,Mongolia,large theropod,Dinosauria Saurischia Theropoda Neotheropoda Tetanurae Avetheropoda Coelurosauria Tyrannoraptora Maniraptoriformes Maniraptora Therizinosauroidea Therizinosauridae,galbinensis,Late Cretaceous,97,88,4.0
252,shamosaurus,herbivorous,Mongolia,armoured dinosaur,Dinosauria Ornithischia Genasauria Thyreophora Ankylosauromorpha Ankylosauria Ankylosauridae,scutatus,Early Cretaceous,121,99,9999.0
253,shanag,carnivorous,Mongolia,small theropod,Dinosauria Saurischia,ashile,Early Cretaceous,126,142,0.45
254,shantungosaurus,herbivorous,China,euornithopod,Dinosauria Ornithischia Genasauria Cerapoda Ornithopoda Euornithopoda Iguanadontia Euiguanadontia Dryomorpha Ankylopollexia Iguanodontoidea Hadrosauridae Euhadrosauria Hadrosaurinae,giganteus,Late Cretaceous,78,74,15.0
255,shunosaurus,herbivorous,China,sauropod,Dinosauria Saurischia Sauropodomorpha Sauropoda Eusauropoda,lii,Mid Jurassic,170,160,10.0
256,shuvuuia,omnivorous,Mongolia,small theropod,Dinosauria Saurischia Theropoda Neotheropoda Tetanurae Avetheropoda Coelurosauria Tyrannoraptora Maniraptoriformes Maniraptora Alvarezsauridae,deserti,Late Cretaceous,75,81,0.6
257,silvisaurus,herbivorous,USA,armoured dinosaur,Dinosauria Ornithischia Genasauria Thyreophora Ankylosauromorpha Ankylosauria Nodosauridae,condrayi,Early Cretaceous,121,112,4.0
258,sinocalliopteryx,carnivorous,China,small theropod,Dinosauria Saurischia,gigas,Early Cretaceous,125,125,2.37
259,sinornithosaurus,carnivorous,China,small theropod,Dinosauria Saurischia Theropoda Neotheropoda Tetanurae Avetheropoda Coelurosauria Tyrannoraptora Maniraptoriformes Maniraptora Paraves Eumaniraptora Dromaeosauridae,millenii,Early Cretaceous,122,120,2.0
260,sinosauropteryx,carnivorous,China,small theropod,Dinosauria Saurischia Theropoda Neotheropoda Tetanurae Avetheropoda Coelurosauria Compsognathidae,prima,Early Cretaceous,122,120,1.0
261,sinovenator,carnivorous,China,small theropod,Dinosauria Saurischia Theropoda Neotheropoda Tetanurae Avetheropoda Coelurosauria Tyrannoraptora Maniraptoriformes Maniraptora Paraves Eumaniraptoria Troodontidae,changii,Early Cretaceous,127,121,1.0
262,sinraptor,carnivorous,China,large theropod,Dinosauria Saurischia Theropoda Neotheropoda Tetanurae Avetheropoda Carnosauria Allosauroidea Sinraptoridae,hepingensis,Mid Jurassic,169,142,7.6
263,sonidosaurus,herbivorous,China,sauropod,Dinosauria Saurischia Sauropodomorpha Sauropoda Eusauropoda Neosauropoda Macronaria Camarasauromorpha Titanosauriformes Titanosauria,saihangaobiensis,Late Cretaceous,89,65,9.0
264,spinosaurus,carnivorous,Morocco,large theropod,Dinosauria Saurischia Theropoda Neotheropoda Tetanurae Spinosauroidea Spinosauridae Spinosaurinae,aegyptiacus,Late Cretaceous,95,70,18.0
265,staurikosaurus,carnivorous,Brazil,large theropod,Dinosauria Saurischia Theropoda Herrerasauridae,pricei,Late Triassic,227,221,2.0
266,stegoceras,herbivorous,USA,euornithopod,Dinosauria Ornithischia Genasauria Cerapoda Marginocephalia Pachycephalosauria Goyocephala Homalocephaloidea Pachycephalosauridae,validum,Late Cretaceous,76,74,2.4
267,stegosaurus,herbivorous,USA,armoured dinosaur,Dinosauria Ornithischia Genasauria Thyreophora Stegosauria Stegosauridae Stegosaurinae,armatus,Late Jurassic,155,145,9.0
268,stenopelix,herbivorous,Germany,ceratopsian,Dinosauria Ornithischia Genasauria Cerapoda Marginocephalia Pachycephalosauria,valdensis,Early Cretaceous,127,121,1.5
269,struthiomimus,omnivorous,Canada,small theropod,Dinosauria Saurischia Theropoda Neotheropoda Tetanurae Avetheropoda Coelurosauria Tyrannoraptora Maniraptoriformes Ornithomimosauria Ornithomimidae,altus,Late Cretaceous,76,74,4.0
270,struthiosaurus,herbivorous,Spain,armoured dinosaur,Dinosauria Ornithischia Genasauria Thyreophora Ankylosauromorpha Ankylosauria Nodosauridae,austriacus,Late Cretaceous,83,75,2.5
271,styracosaurus,herbivorous,USA,ceratopsian,Dinosauria Ornithischia Genasauria Cerapoda Marginocephalia Ceratopsia Neoceratopsia Coronosauria Ceratopsidae Centrosaurinae,albertensis,Late Cretaceous,76,70,5.5
272,suchomimus,carnivorous,Niger,large theropod,Dinosauria Saurischia Theropoda Neotheropoda Tetanurae Spinosauroidea Spinosauridae Baryonychinae,tenerensis,Early Cretaceous,121,112,11.0
273,supersaurus,herbivorous,USA,sauropod,Dinosauria Saurischia Sauropodomorpha Sauropoda Eusauropoda Neosauropoda Diplodocoidea Diplodocidae,vivianae,Early Cretaceous,154,142,35.0
274,talarurus,herbivorous,Mongolia,armoured dinosaur,Dinosauria Ornithischia Genasauria Thyreophora Ankylosauromorpha Ankylosauria Ankylosauridae,plicatospineus,Late Cretaceous,99,89,6.0
275,tanius,herbivorous,China,euornithopod,Dinosauria Ornithischia Genasauria Cerapoda Ornithopoda Euornithopoda Iguanadontia Euiguanadontia Dryomorpha Ankylopollexia Iguanodontoidea Hadrosauridae,sinensis,Late Cretaceous,89,65,9999.0
276,tarbosaurus,carnivorous,Mongolia,large theropod,Dinosauria Saurischia Theropoda Neotheropoda Tetanurae Avetheropoda Coelurosauria Tyrannoraptora Tyrannosauroidea Tyrannosauridae Tyrannosaurinae,bataar,Late Cretaceous,74,70,10.0
277,tarchia,herbivorous,Mongolia,armoured dinosaur,Dinosauria Ornithischia Genasauria Thyreophora Ankylosauromorpha Ankylosauria Ankylosaurinae,gigantea,Late Cretaceous,75,68,8.5
278,telmatosaurus,herbivorous,Spain,euornithopod,Dinosauria Ornithischia Genasauria Cerapoda Ornithopoda Euornithopoda Iguanadontia Euiguanadontia Dryomorpha Ankylopollexia Iguanodontoidea Hadrosauridae,transsylvanicus,Late Cretaceous,84,65,5.0
279,tenontosaurus,herbivorous,USA,euornithopod,Dinosauria Ornithischia Genasauria Cerapoda Ornithopoda Euornithopoda Iguanadontia,tillettorum,Early Cretaceous,120,110,7.0
280,thecodontosaurus,omnivorous,United Kingdom,sauropod,Dinosauria Saurischia Sauropodomorpha Prosauropoda,antiquus,Late Triassic,227,205,2.5
281,therizinosaurus,unknown,Mongolia,large theropod,Dinosauria Saurischia Theropoda Neotheropoda Tetanurae Avetheropoda Coelurosauria Tyrannoraptora Maniraptoriformes Maniraptora Therizinosauroidea Therizinosauridae,cheloniformis,Late Cretaceous,85,70,9999.0
282,thescelosaurus,herbivorous,USA,euornithopod,Dinosauria Ornithischia Genasauria Cerapoda Ornithopoda Euornithopoda,neglectus,Late Cretaceous,76,67,3.5
283,torosaurus,herbivorous,USA,ceratopsian,Dinosauria Ornithischia Genasauria Cerapoda Marginocephalia Ceratopsia Neoceratopsia Coronosauria Ceratopsidae Chasmosaurinae,latus,Late Cretaceous,70,65,7.5
284,torvosaurus,carnivorous,USA,large theropod,Dinosauria Saurischia Theropoda Neotheropoda Tetanurae Spinosauroidea Megalosauridae Megalosaurinae,tanneri,Late Jurassic,155,144,10.0
285,triceratops,herbivorous,USA,ceratopsian,Dinosauria Ornithischia Genasauria Cerapoda Marginocephalia Ceratopsia Neoceratopsia Coronosauria Ceratopsidae Chasmosaurinae,horridus,Late Cretaceous,68,66,9.0
286,troodon,carnivorous,USA,small theropod,Dinosauria Saurischia Theropoda Neotheropoda Tetanurae Avetheropoda Coelurosauria Tyrannoraptora Maniraptoriformes Maniraptora Paraves Eumaniraptoria Troodontidae,formosus,Late Cretaceous,74,65,2.0
287,tsagantegia,herbivorous,Mongolia,armoured dinosaur,Dinosauria Ornithischia Genasauria Thyreophora Ankylosauromorpha Ankylosauria Ankylosauridae,longicranialis,Late Cretaceous,99,84,9999.0
288,tsintaosaurus,herbivorous,China,euornithopod,Dinosauria Ornithischia Genasauria Cerapoda Ornithopoda Euornithopoda Iguanadontia Euiguanadontia Dryomorpha Ankylopollexia Iguanodontoidea Hadrosauridae Euhadrosauria Lambeosaurinae,spinorhinus,Late Cretaceous,84,71,12.0
289,tuojiangosaurus,herbivorous,China,armoured dinosaur,Dinosauria Ornithischia Genasauria Thyreophora Stegosauria Stegosauridae Stegosaurinae,multispinus,Late Jurassic,157,154,7.0
290,tylocephale,herbivorous,Mongolia,euornithopod,Dinosauria Ornithischia Genasauria Cerapoda Marginocephalia Pachycephalosauria Goyocephala Homalocephaloidea Pachycephalosauridae,gilmorei,Late Cretaceous,75,72,1.4
291,tyrannosaurus,carnivorous,USA,large theropod,Dinosauria Saurischia Theropoda Neotheropoda Tetanurae Avetheropoda Coelurosauria Tyrannoraptora Tyrannosauroidea Tyrannosauridae Tyrannosaurinae,rex,Late Cretaceous,68,66,12.0
292,udanoceratops,herbivorous,Mongolia,ceratopsian,Dinosauria Ornithischia Genasauria Cerapoda Marginocephalia Ceratopsia Neoceratopsia,tschizhovi,Late Cretaceous,81,75,9999.0
293,unenlagia,carnivorous,Argentina,small theropod,Dinosauria Saurischia Theropoda Neotheropoda Tetanurae Avetheropoda Coelurosauria Tyrannoraptora Maniraptoriformes Maniraptora Paraves Eumaniraptora Dromaeosauridae,comahuensis,Late Cretaceous,94,86,2.4
294,urbacodon,carnivorous,Uzbekistan,small theropod,Dinosauria Saurischia,itemirensis,Late Cretaceous,95,95,1.0
295,utahraptor,carnivorous,USA,large theropod,Dinosauria Saurischia Theropoda Neotheropoda Tetanurae Avetheropoda Coelurosauria Tyrannoraptora Maniraptoriformes Maniraptora Paraves Eumaniraptora Dromaeosauridae,ostrommaysorum,Early Cretaceous,112,100,6.0
296,valdosaurus,herbivorous,United Kingdom,euornithopod,Dinosauria Ornithischia Genasauria Cerapoda Ornithopoda Euornithopoda Iguanadontia Euiguanadontia Dryomorpha Dryosauridae,canaliculatus,Early Cretaceous,142,121,3.0
297,velociraptor,carnivorous,Mongolia,small theropod,Dinosauria Saurischia Theropoda Neotheropoda Tetanurae Avetheropoda Coelurosauria Tyrannoraptora Maniraptoriformes Maniraptora Paraves Eumaniraptora Dromaeosauridae,mongoliensis,Late Cretaceous,74,70,1.8
298,vulcanodon,herbivorous,Zimbabwe,sauropod,Dinosauria Saurischia Sauropodomorpha Sauropoda Vulcanodontidae,karibaensis,Early Jurassic,205,202,6.5
299,yandusaurus,herbivorous,China,euornithopod,Dinosauria Ornithischia Genasauria Cerapoda Ornithopoda Euornithopoda,hongheensis,Mid Jurassic,169,159,3.0
300,yangchuanosaurus,carnivorous,China,large theropod,Dinosauria Saurischia Theropoda Neotheropoda Tetanurae Avetheropoda Carnosauria Allosauroidea Sinraptoridae,shangyouensis,Late Jurassic,160,144,10.0
301,yimenosaurus,herbivorous,China,sauropod,Dinosauria Saurischia Sauropodomorpha Prosauropoda,youngi,Early Jurassic,195,190,9.0
302,yingshanosaurus,herbivorous,China,armoured dinosaur,Dinosauria Ornithischia Genasauria Thyreophora Stegosauria,jichuanensis,Late Jurassic,159,142,9999.0
303,yinlong,herbivorous,China,ceratopsian,Dinosauria Ornithischia Genasauria Cerapoda Marginocephalia Ceratopsia,downsi,Mid Jurassic,159,154,1.2
304,yuanmousaurus,herbivorous,China,sauropod,Dinosauria Saurischia Sauropodomorpha Sauropoda Eusauropoda,jiangyiensis,Mid Jurassic,180,159,17.0
305,yunnanosaurus,omnivorous,China,sauropod,Dinosauria Saurischia Sauropodomorpha Prosauropoda Plateosauria,huangi,Early Jurassic,205,190,7.0
306,zalmoxes,herbivorous,Romania,euornithopod,Dinosauria Ornithischia Genasauria Cerapoda Ornithopoda Euornithopoda Iguanadontia Rhabdodontidae,robustus,Late Cretaceous,69,69,3.0
307,zephyrosaurus,herbivorous,USA,euornithopod,Dinosauria Ornithischia Genasauria Cerapoda Ornithopoda Euornithopoda,schaffi,Early Cretaceous,120,110,1.8
308,zuniceratops,herbivorous,USA,ceratopsian,Dinosauria Ornithischia Genasauria Cerapoda Marginocephalia Ceratopsia Neoceratopsia Coronosauria,christopheri,Late Cretaceous,94,89,9999.0
